Activity Id,Date,Type,Route Name,Distance (km),Duration,Average Pace,Average Speed (km/h),Calories Burned,Climb (m),Average Heart Rate (bpm),Friend's Tagged,Notes,GPX File
05814daf-af63-431d-9621-837478afc175,2019-09-21 16:16:04,Running,,10.28,52:14,5:05,11.81,809.0,141,,"","",2019-09-21-161604.gpx
e3fc84c3-96ff-4afd-a07e-867e5b31ee7b,2019-09-18 19:47:49,Running,,1.75,8:44,5:00,12.02,131.0,3,,"","",2019-09-18-194749.gpx
6858cea7-4b2a-403d-aa1e-77dae6375a43,2019-09-15 14:38:40,Running,,2.79,19:08,6:52,8.74,213.0,65,,"","",2019-09-15-143840.gpx
e5aa5cca-b6c1-41ed-8a51-865beb9de8f0,2019-09-12 19:54:13,Running,,1.32,6:19,4:47,12.54,99.0,3,,"","",2019-09-12-195413.gpx
34b8d456-3868-4808-a0bd-697a34c13ed2,2019-09-08 12:00:20,Running,,9.82,53:43,5:28,10.97,760.0,91,,"","",2019-09-08-120020.gpx
be58b5ad-fd55-4389-b446-8e228ada7d6b,2019-09-02 15:38:34,Running,,2.72,15:45,5:48,10.35,214.0,35,,"","",2019-09-02-153834.gpx
04f1aad9-1762-4779-9543-7b52182ce934,2019-08-31 18:17:48,Running,,6.57,40:11,6:07,9.81,518.0,90,,"","",2019-08-31-181748.gpx
94ce4777-57c0-443d-ad5d-35dbc1db9dc4,2019-08-26 20:37:30,Running,,3.29,17:46,5:24,11.10,247.0,15,,"","",2019-08-26-203730.gpx
88ce39cf-e7b1-495b-8f33-24cb49f43071,2019-08-21 19:47:29,Running,,5.10,30:06,5:54,10.17,399.0,61,,"","",2019-08-21-194729.gpx
b07b73d2-6d1f-4ac7-8063-c8a98124dccb,2019-08-19 15:57:34,Running,,4.07,22:40,5:34,10.76,323.0,58,,"","",2019-08-19-155734.gpx
86076c11-0140-44d5-af49-6ceb441756e0,2019-08-15 20:23:52,Running,,6.52,39:34,6:04,9.89,514.0,90,,"","",2019-08-15-202352.gpx
b3b735a6-7fb6-402b-99a4-03a6d1394254,2019-08-12 19:40:19,Running,,6.53,38:34,5:54,10.17,518.0,88,,"","",2019-08-12-194019.gpx
41367d8c-1546-483b-ae26-bd176949d98b,2019-08-08 19:21:40,Running,,6.53,41:21,6:20,9.48,514.0,89,,"","",2019-08-08-192140.gpx
31265984-c103-42f0-8ae4-2de31c14be4a,2019-08-05 17:01:35,Running,,6.56,40:56,6:15,9.61,519.0,90,,"","",2019-08-05-170135.gpx
fbcc4f1f-7a1a-4f04-9246-94a0dcb046ec,2019-08-03 18:44:54,Running,,1.45,8:27,5:48,10.33,115.0,21,,"","",2019-08-03-184454.gpx
862025b0-4e62-41aa-829e-bbb15b289a4c,2019-07-31 19:21:11,Running,,3.21,19:03,5:56,10.11,252.0,46,,"","",2019-07-31-192111.gpx
7176e49c-50cc-4266-9ecc-cf1fbbb82a55,2019-07-25 19:31:46,Running,,1.29,9:17,7:11,8.36,97.0,14,,"","",2019-07-25-193146.gpx
7392eb42-22c9-426c-ba73-4dd48233a080,2019-07-23 19:05:21,Running,,3.72,22:25,6:02,9.95,288.0,39,,"","",2019-07-23-190521.gpx
be429236-e79c-4465-8aab-04b3ef32d043,2019-07-21 14:21:55,Running,,5.15,30:17,5:53,10.20,403.0,61,,"","",2019-07-21-142155.gpx
858def6d-f8cf-4da3-ac93-02b56b7a4a53,2019-07-16 17:46:31,Running,,6.48,37:50,5:50,10.28,514.0,86,,"","",2019-07-16-174631.gpx
76e58896-880f-4dc8-8f09-b28efbf67369,2019-07-09 14:57:36,Running,,3.88,23:10,5:59,10.04,303.0,54,,"","",2019-07-09-145736.gpx
1c31627c-3a5f-4df6-908b-7c9d6c81e1fc,2019-07-07 15:42:25,Running,,0.46,4:00,8:36,6.97,42.0,37,,"","",2019-07-07-154225.gpx
d8129c86-0a63-4ddc-830c-cc431f965236,2019-06-30 16:49:52,Running,,3.24,19:13,5:56,10.11,255.0,47,,"","",2019-06-30-164952.gpx
d7d8f76f-e1dc-4d9f-9aac-9b521deb3a4c,2019-06-16 15:26:40,Running,,3.27,18:59,5:48,10.33,258.0,46,,"","",2019-06-16-152640.gpx
985d666a-a277-471a-9096-90b2d532c326,2019-06-09 13:37:20,Running,,3.20,18:26,5:46,10.42,252.0,45,,"","",2019-06-09-133720.gpx
a3f3af49-6989-4bbe-8334-df2949c02fd8,2019-06-02 13:07:55,Running,,6.55,41:19,6:18,9.51,516.0,90,,"","",2019-06-02-130755.gpx
ae487d97-5493-4c22-b34e-173a0f792098,2019-05-29 17:59:48,Running,,5.45,35:00,6:25,9.35,423.0,64,,"","",2019-05-29-175948.gpx
2c2aff55-0678-405d-af18-3aa02fa5f8e6,2019-05-26 17:09:26,Running,,3.24,19:38,6:03,9.91,255.0,47,,"","",2019-05-26-170926.gpx
13fb989b-62e4-4081-ac81-97856939eb76,2019-05-21 18:07:17,Running,,3.19,19:57,6:15,9.59,251.0,45,,"","",2019-05-21-180717.gpx
44059836-0ed9-46a7-bfc7-0c46f2cad08a,2019-05-19 17:04:42,Running,,3.22,19:43,6:07,9.80,252.0,46,,"","",2019-05-19-170442.gpx
b776629d-37f2-4fcc-b715-4a876ea1ac76,2019-05-08 19:27:39,Running,,4.02,25:06,6:14,9.61,314.0,62,,"","",2019-05-08-192739.gpx
7ee11c33-56f8-49f8-b2d1-3e46c252f498,2019-05-05 14:28:45,Running,,4.27,25:44,6:02,9.96,342.0,88,,"","",2019-05-05-142845.gpx
62bffe45-bc9f-43f7-8b11-8e71a60c7e50,2019-05-02 19:16:32,Running,,3.64,21:38,5:57,10.09,279.0,19,,"","",2019-05-02-191632.gpx
63e21b56-1cc2-4e08-8515-19fcb0e2acee,2019-04-27 16:19:26,Running,,10.03,55:52,5:34,10.77,801.0,153,,"","",2019-04-27-161926.gpx
0b4a8f38-0476-4519-908a-59e815b37556,2019-04-24 18:20:59,Running,,3.51,19:57,5:41,10.54,270.0,20,,"","",2019-04-24-182059.gpx
7e28f57f-7dfc-49af-9a48-4a5bc4cf071a,2019-04-22 12:57:09,Running,,3.74,22:03,5:54,10.17,291.0,41,,"","",2019-04-22-125709.gpx
1017af9f-1b1a-47e4-9ea9-b37ea92d10bc,2019-04-16 18:18:21,Running,,3.66,21:11,5:48,10.36,280.0,20,,"","",2019-04-16-181821.gpx
a0d8e2bb-9589-47c3-ad90-2d49919a9163,2019-04-14 13:32:10,Running,,3.65,21:51,5:59,10.02,281.0,20,,"","",2019-04-14-133210.gpx
0d869ef4-f398-4e2e-945a-d991992bc831,2019-04-08 19:46:33,Running,,3.08,18:01,5:51,10.24,234.0,12,,"","",2019-04-08-194633.gpx
fd09a8b4-1a67-45ae-9b52-9cf22409789d,2019-04-06 17:04:04,Running,,3.95,23:48,6:02,9.95,303.0,23,,"","",2019-04-06-170404.gpx
0846a337-e7d6-4edd-a005-83dd1e9dccf6,2019-03-30 14:34:51,Running,,1.23,8:17,6:44,8.91,101.0,25,,"","",2019-03-30-143451.gpx
22c7c0bd-0b58-4c1a-9366-12c843c6245d,2019-03-30 14:19:47,Running,,1.77,10:54,6:09,9.75,141.0,33,,"","",2019-03-30-141947.gpx
11c47b41-c153-4f38-9aae-beb8947aa263,2019-02-03 13:20:10,Cross-Country Skiing,,11.72,1:35:47,8:10,7.34,961.0,180,,"","",2019-02-03-132010.gpx
882af158-85a4-43d4-88af-2a2651bd3b37,2019-01-19 14:13:43,Cross-Country Skiing,,7.29,55:29,7:36,7.89,587.0,158,,"","",2019-01-19-141343.gpx
df0b9a31-4b32-46b9-8633-b3b365249277,2018-12-18 14:16:28,Cross-Country Skiing,,7.01,1:00:26,8:38,6.96,608.0,146,,"","",2018-12-18-141628.gpx
ff63ff3c-6242-47b6-88e9-6ba32e1445cf,2018-10-07 13:48:42,Running,,3.15,21:06,6:42,8.95,256.0,82,,"","",2018-10-07-134842.gpx
6444b897-adce-4085-a8e2-6bc65f9fddc4,2018-09-29 14:23:19,Running,,3.15,21:04,6:41,8.97,256.0,84,,"","",2018-09-29-142319.gpx
5e7b2e9d-1659-4a5b-bd16-cbd459d58aca,2018-09-22 16:07:31,Running,,3.63,21:25,5:54,10.16,290.0,57,,"","",2018-09-22-160731.gpx
e5634578-db75-4797-a1bc-536b1bb8fea7,2018-09-15 16:15:55,Running,,10.22,50:11,4:55,12.22,804.0,140,,"","",2018-09-15-161555.gpx
dc2dd00c-4d69-427c-ab1d-8af98da3a176,2018-09-10 18:36:24,Running,,3.90,19:52,5:06,11.76,307.0,54,,"","",2018-09-10-183624.gpx
f9fa69c5-daef-4938-b4db-5ad17400b407,2018-09-08 18:13:44,Running,,6.92,41:49,6:03,9.92,548.0,109,,"","",2018-09-08-181344.gpx
fa0a7273-0a06-4835-b045-732a35aa497c,2018-09-04 18:57:30,Running,,4.31,24:15,5:38,10.66,345.0,82,,"","",2018-09-04-185730.gpx
fec6173f-24ef-40d2-be21-380c1772e461,2018-09-03 18:26:28,Running,,4.07,24:18,5:58,10.05,323.0,58,,"","",2018-09-03-182628.gpx
225910c9-2f91-43d6-bee3-53cf9d723beb,2018-08-30 20:07:27,Running,,3.89,20:26,5:15,11.43,307.0,54,,"","",2018-08-30-200727.gpx
e411c0c7-f68d-4725-9305-284ca31f1484,2018-08-28 19:39:51,Running,,0.87,4:04,4:42,12.78,66.0,4,,"","",2018-08-28-193951.gpx
3ea8939f-e732-4f66-be9d-2481e1f7b7ff,2018-08-28 19:15:14,Running,,2.58,12:42,4:56,12.17,198.0,16,,"","",2018-08-28-191514.gpx
603bdb23-1684-4e88-9ec0-8943c88095dd,2018-08-26 14:25:25,Running,,6.58,38:27,5:51,10.27,522.0,91,,"","",2018-08-26-142525.gpx
fd1d6b7a-f9c3-44c6-9f95-b1f806ce999c,2018-08-22 19:33:24,Running,,3.30,16:36,5:02,11.94,247.0,12,,"","",2018-08-22-193324.gpx
2d90a0a2-8379-4709-acae-9678ab8a9d49,2018-08-20 18:40:01,Running,,4.07,24:22,5:59,10.02,323.0,58,,"","",2018-08-20-184001.gpx
46fe1bd6-bd56-4e0f-ac79-735cbdd2daaf,2018-08-17 15:18:51,Running,,3.52,18:36,5:17,11.36,270.0,30,,"","",2018-08-17-151851.gpx
7fbc8991-0c89-45d7-b98d-52294358f651,2018-08-14 17:52:46,Running,,4.94,32:25,6:34,9.14,400.0,111,,"","",2018-08-14-175246.gpx
92048751-6e0e-4fb6-b85b-0e217f463e9f,2018-08-12 14:11:58,Running,,3.58,21:46,6:04,9.88,276.0,46,,"","",2018-08-12-141158.gpx
b8941549-69d3-44ba-bfb4-90c18bce3386,2018-08-11 13:32:29,Running,,3.74,20:09,5:23,11.15,290.0,43,,"","",2018-08-11-133229.gpx
b37039d8-1bb0-438a-9b6d-d035541556af,2018-08-08 16:57:44,Running,,4.95,30:42,6:12,9.67,402.0,110,,"","",2018-08-08-165744.gpx
fa5ddcfd-eb78-4e72-8e66-cde9b237eb0a,2018-08-06 19:05:41,Running,,3.12,18:50,6:02,9.93,230.0,0,,"","",2018-08-06-190541.gpx
f65d6171-0ffe-40f5-b265-2e51e9af7cac,2018-08-05 14:00:45,Running,,4.33,27:53,6:27,9.31,333.0,52,,"","",2018-08-05-140045.gpx
46745aa7-1195-4531-ac54-eb80aa164659,2018-08-03 12:40:53,Running,,5.82,35:27,6:06,9.84,465.0,92,,"","",2018-08-03-124053.gpx
706a4182-2bc7-4ec1-b755-8f2877fb009c,2018-08-01 19:03:40,Running,,4.45,28:24,6:23,9.41,351.0,58,,"","",2018-08-01-190340.gpx
f57c0290-9fb2-424b-aa8e-48f6b4bf704c,2018-07-29 19:44:00,Running,,4.05,24:27,6:02,9.94,322.0,57,,"","",2018-07-29-194400.gpx
7f6f4381-e267-427c-910d-0054dc46d6a5,2018-07-26 20:32:54,Running,,4.24,28:32,6:44,8.91,324.0,38,,"","",2018-07-26-203254.gpx
272fe1af-50a2-4367-ae53-f4e94c944e26,2018-07-24 20:07:37,Running,,3.64,23:05,6:20,9.46,280.0,25,,"","",2018-07-24-200737.gpx
b6b732d4-3ee1-4087-ae78-e03f68763532,2018-07-22 20:15:50,Running,,3.52,22:07,6:17,9.56,271.0,22,,"","",2018-07-22-201550.gpx
7fc2048d-942b-4145-a948-78f408ac6bab,2018-07-17 20:55:26,Running,,3.22,20:52,6:29,9.26,244.0,13,,"","",2018-07-17-205526.gpx
044a2b23-fd9c-46aa-9ca7-a521c302224d,2018-07-04 19:48:14,Running,,4.07,24:46,6:05,9.86,323.0,58,,"","",2018-07-04-194814.gpx
07d3de72-62f4-42b7-af80-00ab6ff94451,2018-06-30 18:34:40,Running,,3.62,24:23,6:44,8.92,278.0,44,,"","",2018-06-30-183440.gpx
3df68979-a652-453e-a775-9ba389ce4422,2018-06-28 19:15:01,Running,,3.55,21:32,6:04,9.90,281.0,44,,"","",2018-06-28-191501.gpx
2314885a-cd6b-456f-afd7-cf41cbb98fd9,2018-06-26 19:29:10,Running,,2.00,11:51,5:55,10.13,147.0,0,,"","",2018-06-26-192910.gpx
6a736d55-2467-4298-a231-456f551a166b,2018-06-23 14:30:26,Running,,4.06,24:21,5:59,10.02,324.0,58,,"","",2018-06-23-143026.gpx
e15eeed1-fbfd-42f7-be33-a7536910b83d,2018-06-19 18:00:34,Running,,4.08,24:31,6:01,9.98,322.0,58,,"","",2018-06-19-180034.gpx
680a20ee-97da-41ab-a8e5-6124aba6045c,2018-06-16 17:20:44,Running,,4.07,22:42,5:35,10.75,324.0,58,,"","",2018-06-16-172044.gpx
286d25d3-e57c-494e-8d9c-0da80d57e638,2018-06-12 19:51:17,Running,,4.08,24:26,6:00,10.01,324.0,58,,"","",2018-06-12-195117.gpx
bcf83266-c387-407a-8991-fe0f49e057e9,2018-06-10 16:07:28,Running,,2.34,13:05,5:35,10.75,179.0,18,,"","",2018-06-10-160728.gpx
b6f00071-7cb3-4955-9fed-eb986a5dbc37,2018-06-08 17:41:30,Running,,2.39,13:42,5:44,10.46,184.0,19,,"","",2018-06-08-174130.gpx
0dcfe7c1-0f1b-4283-9ffb-a8dd0c3c0df4,2018-06-06 18:05:33,Running,,2.04,11:20,5:33,10.81,151.0,0,,"","",2018-06-06-180533.gpx
441e9bd2-de8c-4a0d-bf37-44dd80e32698,2018-06-04 18:25:10,Running,,0.97,6:10,6:23,9.40,71.0,0,,"","",2018-06-04-182510.gpx
30e3e795-83a7-4891-abac-8fcdb6991d6a,2018-05-27 17:06:39,Running,,2.31,14:17,6:11,9.70,177.0,14,,"","",2018-05-27-170639.gpx
dee4a768-60dc-4fa2-adba-6bf45a782b75,2018-05-18 17:10:00,Running,,2.13,14:17,6:42,8.95,159.0,11,,"","",2018-05-18-171000.gpx
495359b0-0953-4d29-a8c9-d9a365678d2e,2018-05-12 13:27:32,Running,,2.53,14:46,5:50,10.29,192.0,11,,"","",2018-05-12-132732.gpx
ec678acf-3cf4-4119-a6f1-3eeda78733f6,2018-05-10 20:09:21,Running,,1.48,9:40,6:31,9.21,110.0,0,,"","",2018-05-10-200921.gpx
2c491d26-a517-48fb-8d93-a1087318f7c9,2018-05-07 18:56:47,Running,,1.98,12:42,6:24,9.36,146.0,0,,"","",2018-05-07-185647.gpx
c7b6b40a-db06-4a22-9557-0c9ebe6dfc0e,2018-04-23 18:45:42,Running,,2.02,11:54,5:53,10.18,160.0,28,,"","",2018-04-23-184542.gpx
d25784a5-818b-47f2-9f94-8e679110f555,2018-04-21 16:11:46,Running,,9.98,53:28,5:21,11.20,794.0,150,,"","",2018-04-21-161146.gpx
07ddefd3-75dc-40af-8773-8f5aa012fcb4,2018-04-17 16:59:27,Running,,1.98,10:52,5:29,10.96,150.0,5,,"","",2018-04-17-165927.gpx
be75d071-a09f-4907-8e63-f158ecc3513d,2018-04-15 16:49:05,Running,,5.21,30:12,5:48,10.36,399.0,28,,"","",2018-04-15-164905.gpx
39199616-2d80-4b57-9a09-ccc8d35a90c2,2018-04-13 16:37:24,Running,,3.40,19:52,5:51,10.26,259.0,18,,"","",2018-04-13-163724.gpx
3bb68770-98e7-451e-9722-9dbdf18ca91b,2018-04-10 18:58:03,Running,,3.17,18:05,5:42,10.52,240.0,10,,"","",2018-04-10-185803.gpx
daf3afe8-6013-4d55-9d61-9a58aa17fc00,2018-04-08 13:48:58,Running,,5.04,30:20,6:01,9.97,385.0,21,,"","",2018-04-08-134858.gpx
f351d3af-93e1-43c8-b29e-655f3e2c5e55,2018-04-04 19:35:47,Running,,2.70,18:24,6:49,8.80,215.0,49,,"","",2018-04-04-193547.gpx
8ef69bed-1315-4e09-a70b-80795b276110,2018-04-02 18:47:17,Running,,2.61,17:08,6:35,9.12,207.0,43,,"","",2018-04-02-184717.gpx
3d61a482-ad10-4600-a7ec-354cc32da260,2018-03-17 13:32:00,Cross-Country Skiing,,10.29,1:11:56,7:00,8.58,772.0,190,,"","",2018-03-17-133200.gpx
4f58c43a-633d-4337-8376-35d31ce6b2ca,2018-03-11 12:55:24,Cross-Country Skiing,,7.36,48:02,6:31,9.20,530.0,155,,"","",2018-03-11-125524.gpx
f3e035b3-b9a4-4b73-81e5-8b7870ac1b02,2018-02-25 12:30:47,Cross-Country Skiing,,12.39,1:39:26,8:02,7.47,1025.0,242,,"","",2018-02-25-123047.gpx
1573b1c9-4636-49ec-aa87-ca3124301ad8,2018-02-13 19:44:34,Running,,2.99,21:34,7:13,8.32,231.0,58,,"","",2018-02-13-194434.gpx
1fe0499a-4b96-4ab5-8267-d9a6b4ba6247,2018-02-11 14:27:37,Running,,2.11,13:27,6:22,9.43,163.0,22,,"","",2018-02-11-142737.gpx
dab7074d-47fa-4864-a998-9c51eecf86bb,2018-01-29 18:34:21,Cross-Country Skiing,,6.25,45:50,7:20,8.19,502.0,152,,"","",2018-01-29-183421.gpx
c5cea2fa-484a-4f2c-8eb0-04b2c40be30c,2018-01-20 18:27:06,Cross-Country Skiing,,9.52,1:11:11,7:29,8.02,765.0,222,,"","",2018-01-20-182706.gpx
1d552ab3-51cc-44d2-86f6-ffa87af88e26,2017-10-12 17:30:19,Running,,2.73,16:23,6:00,10.00,214.0,34,,"","",2017-10-12-173019.gpx
94bf649a-dba7-4abc-8d00-b76e90531749,2017-10-08 15:22:16,Running,,6.51,38:59,6:00,10.01,514.0,91,,"","",2017-10-08-152216.gpx
aab62973-70b6-4029-941f-c7450081db77,2017-10-05 17:37:43,Running,,3.39,19:50,5:51,10.26,272.0,59,,"","",2017-10-05-173743.gpx
f2107e6d-eacb-44ca-88f6-3c62cb13aacc,2017-10-01 11:30:50,Running,,3.37,19:27,5:47,10.39,269.0,55,,"","",2017-10-01-113050.gpx
cb571b5e-8910-47f8-97a3-96bb3a2a36bb,2017-09-27 17:55:25,Running,,2.45,15:38,6:23,9.41,191.0,31,,"","",2017-09-27-175525.gpx
73055626-e339-4703-b9a7-553d4f633f3e,2017-09-16 16:15:49,Running,,10.16,51:04,5:02,11.93,803.0,143,,"","",2017-09-16-161549.gpx
8bbe5e0b-921c-4e9f-8e08-53b8dba2dbab,2017-09-13 18:14:46,Running,,3.61,20:43,5:44,10.45,291.0,68,,"","",2017-09-13-181446.gpx
063d2761-9e02-434c-a76f-395ec8139a2c,2017-09-10 14:56:40,Running,,2.16,13:58,6:27,9.30,186.0,85,,"","",2017-09-10-145640.gpx
01c7000b-77e4-4e84-a56d-1e573d51e5eb,2017-09-09 17:59:42,Running,,4.01,21:14,5:18,11.32,320.0,63,,"","",2017-09-09-175942.gpx
116a0963-a715-4c1c-b357-2440fb36475b,2017-09-07 18:17:52,Running,,3.71,19:51,5:21,11.21,289.0,41,,"","",2017-09-07-181752.gpx
00c339aa-8269-4148-9737-f01ea7ff0af3,2017-09-05 17:59:11,Running,,6.24,35:44,5:43,10.49,502.0,110,,"","",2017-09-05-175911.gpx
fa5804bf-0e7c-4639-83e2-baf71a5511d1,2017-09-01 18:37:28,Running,,4.29,22:01,5:08,11.69,348.0,87,,"","",2017-09-01-183728.gpx
482a6b1a-1dad-4231-9e79-2a497c7d4ebc,2017-08-30 17:31:23,Running,,5.22,30:04,5:46,10.41,411.0,63,,"","",2017-08-30-173123.gpx
30a3da94-ce18-4654-ac6e-0a76999702be,2017-08-28 17:26:58,Running,,3.51,20:07,5:44,10.46,269.0,30,,"","",2017-08-28-172658.gpx
62979e24-75e9-4823-8462-9729048b46b7,2017-08-25 16:26:07,Running,,10.00,54:05,5:24,11.10,790.0,134,,"","",2017-08-25-162607.gpx
e63109d8-b8a2-48a9-afd6-35f8668cdbbc,2017-08-23 17:53:40,Running,,5.07,30:07,5:57,10.10,412.0,96,,"","",2017-08-23-175340.gpx
3a95434e-d46b-471f-93d7-e218750a36e4,2017-08-21 18:39:22,Running,,4.06,23:27,5:46,10.39,322.0,58,,"","",2017-08-21-183922.gpx
c92ad68c-3206-467d-9e13-53dfc41114f7,2017-08-19 14:35:06,Running,,8.50,50:16,5:55,10.14,659.0,105,,"","",2017-08-19-143506.gpx
0c86d24b-1c90-4675-a3ef-cdf306bd68a0,2017-08-16 17:08:29,Running,,3.97,23:08,5:50,10.30,316.0,57,,"","",2017-08-16-170829.gpx
330d6057-1aec-4b01-a3db-1f8d80113431,2017-08-14 18:05:07,Running,,4.02,22:35,5:37,10.68,319.0,56,,"","",2017-08-14-180507.gpx
0a770593-4eec-44e5-b5ae-46e0ffb79756,2017-08-13 12:35:37,Running,,6.57,44:21,6:45,8.89,503.0,110,,"","",2017-08-13-123537.gpx
09a303d0-51ab-49f5-a905-06aab4a7bf16,2017-08-11 17:53:00,Running,,4.57,30:10,6:36,9.09,361.0,97,,"","",2017-08-11-175300.gpx
75999f65-5607-4d89-88b9-2945ead0dc5b,2017-08-09 17:08:24,Running,,3.98,23:22,5:53,10.21,328.0,106,,"","",2017-08-09-170824.gpx
e5cb2d6f-d1f7-46e8-aeac-bb144834101c,2017-08-07 17:54:10,Running,,6.60,37:53,5:45,10.45,521.0,97,,"","",2017-08-07-175410.gpx
7d996f04-8a6c-46d6-aef7-7c03cbc3692e,2017-08-04 18:33:53,Running,,4.95,25:55,5:14,11.45,403.0,110,,"","",2017-08-04-183353.gpx
dc3851d1-d05b-4a5c-b703-df7595bc0def,2017-08-02 17:53:43,Running,,4.60,25:08,5:28,10.99,353.0,37,,"","",2017-08-02-175343.gpx
0a892c78-d46b-40c6-9ba7-cc79c6485caf,2017-07-31 18:28:00,Running,,4.15,22:27,5:24,11.09,325.0,50,,"","",2017-07-31-182800.gpx
d55c4c42-8308-4936-8758-5021ce9c2e29,2017-07-26 16:00:30,Running,,4.77,24:24,5:07,11.74,363.0,22,,"","",2017-07-26-160030.gpx
dc6a124f-4dbf-44d0-9683-d82e8d963c09,2017-07-24 16:48:37,Running,,4.85,27:43,5:43,10.50,375.0,38,,"","",2017-07-24-164837.gpx
8a841c50-04b6-401c-9cd9-78787d8df67a,2017-07-19 20:18:59,Running,,6.49,35:32,5:29,10.96,503.0,64,,"","",2017-07-19-201859.gpx
3755b7e2-ecd3-4d5e-8aa2-d23b60ed40c2,2017-07-17 16:33:02,Running,,6.46,36:59,5:43,10.48,495.0,64,,"","",2017-07-17-163302.gpx
a0b005fe-39a2-48d8-a703-2a3aa612a6d8,2017-07-14 18:25:10,Running,,4.92,25:51,5:15,11.42,402.0,111,,"","",2017-07-14-182510.gpx
5109711a-4c3c-4120-947d-c3a6f373567f,2017-07-12 18:40:01,Running,,5.36,32:42,6:06,9.83,421.0,63,,"","",2017-07-12-184001.gpx
70621d6f-813d-40ac-9c27-9d7dc2fa0da8,2017-07-10 18:13:27,Running,,7.10,43:04,6:04,9.90,552.0,97,,"","",2017-07-10-181327.gpx
67d6baa7-08f7-47c4-8827-29a610c7962d,2017-07-07 18:22:38,Running,,4.93,25:20,5:08,11.69,403.0,109,,"","",2017-07-07-182238.gpx
c2c0461c-e963-4ce9-a988-96e6d5327831,2017-07-05 17:43:38,Running,,5.01,30:32,6:06,9.84,386.0,58,,"","",2017-07-05-174338.gpx
bb58615a-83f0-44ab-a34d-9cecc85631eb,2017-07-03 18:31:10,Running,,5.05,29:56,5:56,10.12,398.0,63,,"","",2017-07-03-183110.gpx
45ada4f3-2c1f-486d-a462-4db10955cfdc,2017-07-02 17:23:52,Running,,4.89,26:11,5:21,11.20,398.0,110,,"","",2017-07-02-172352.gpx
6dd765db-92d2-46a1-a322-2ee161764063,2017-06-28 18:44:06,Running,,8.06,50:13,6:14,9.63,628.0,103,,"","",2017-06-28-184406.gpx
61b0b1a7-1193-45ff-a24b-cd6f138ef650,2017-06-26 18:45:17,Running,,3.98,24:21,6:07,9.82,317.0,58,,"","",2017-06-26-184517.gpx
d842ad2f-8409-4425-843f-26c89722154c,2017-06-24 16:17:33,Running,,4.91,26:35,5:25,11.08,402.0,112,,"","",2017-06-24-161733.gpx
df57567e-d20a-476f-ba41-ecdb7fb253af,2017-06-22 17:47:29,Running,,4.09,24:53,6:05,9.86,322.0,58,,"","",2017-06-22-174729.gpx
899669cb-3613-49a2-b08e-5413fcb445db,2017-06-19 17:41:55,Running,,3.30,19:17,5:51,10.25,247.0,11,,"","",2017-06-19-174155.gpx
79deebf2-8929-4370-9e80-6df49c455ab3,2017-06-18 15:17:15,Running,,10.03,1:00:27,6:02,9.95,792.0,140,,"","",2017-06-18-151715.gpx
82ea5af7-cc03-4505-b598-66b4a3f4b23b,2017-06-12 18:32:56,Running,,6.21,39:09,6:18,9.52,494.0,92,,"","",2017-06-12-183256.gpx
a7ba7f06-1a6d-4293-9203-aaf0cef4f2b0,2017-06-10 17:59:05,Running,,4.94,28:32,5:47,10.38,404.0,111,,"","",2017-06-10-175905.gpx
596e75f2-67ec-4386-ac5e-47041890fd97,2017-06-08 18:01:45,Running,,10.39,1:05:55,6:21,9.46,820.0,155,,"","",2017-06-08-180145.gpx
b33f98f7-7010-406a-9e39-8a24a9571e4f,2017-06-06 18:18:58,Running,,3.96,24:12,6:07,9.82,319.0,77,,"","",2017-06-06-181858.gpx
f6381b85-87d1-4afb-8293-234a579ae9b3,2017-06-02 17:30:41,Running,,7.62,48:06,6:19,9.51,599.0,104,,"","",2017-06-02-173041.gpx
630740f5-ed02-401a-b5f0-7edc32b5a998,2017-06-01 17:50:54,Running,,5.33,33:36,6:18,9.51,425.0,92,,"","",2017-06-01-175054.gpx
d0816467-76a3-4485-8f27-01a2ea9e0d72,2017-05-29 19:14:02,Running,,4.87,31:45,6:31,9.20,390.0,108,,"","",2017-05-29-191402.gpx
10bc343e-1afd-4b8b-a286-c8484db71897,2017-05-25 14:28:40,Running,,10.00,58:33,5:51,10.25,762.0,55,,"","",2017-05-25-142840.gpx
20185163-a64e-46ca-be7f-258d037907a9,2017-05-24 17:44:11,Running,,4.91,31:29,6:25,9.36,391.0,111,,"","",2017-05-24-174411.gpx
f8a39982-2599-4d6f-a68f-1d657f91cb40,2017-05-09 18:27:09,Running,,1.63,7:57,4:52,12.33,131.0,37,,"","",2017-05-09-182709.gpx
38ea451f-c924-438d-bae7-2da48c367956,2017-04-27 19:02:17,Running,,3.71,23:26,6:19,9.50,299.0,84,,"","",2017-04-27-190217.gpx
34db559c-5d20-419e-b8cc-8835bc40d1e1,2017-04-23 17:35:52,Running,,3.68,23:45,6:28,9.29,296.0,85,,"","",2017-04-23-173552.gpx
c9066fda-a950-4ba1-a972-dc1b2f643667,2017-04-11 18:25:29,Running,,3.70,23:20,6:19,9.51,298.0,84,,"","",2017-04-11-182529.gpx
fade0afa-f7c0-47af-9fd3-c1ba764f361d,2017-04-10 17:03:24,Running,,2.72,16:44,6:09,9.74,215.0,44,,"","",2017-04-10-170324.gpx
5fd673f4-f247-4fc9-a961-aa86be6b28ed,2017-03-28 19:01:25,Running,,3.71,22:04,5:57,10.09,303.0,86,,"","",2017-03-28-190125.gpx
09a0470d-18bf-42c6-99d0-ccee693ce84c,2017-03-23 19:12:26,Running,,3.68,22:45,6:11,9.70,269.0,2,,"","",2017-03-23-191226.gpx
c2d4390f-3f39-408d-929e-f710f3db0359,2017-03-21 19:33:56,Running,,3.72,23:47,6:23,9.40,301.0,85,,"","",2017-03-21-193356.gpx
a6894879-9188-4528-8a49-25f4217f2fc9,2017-03-16 18:29:32,Running,,3.71,23:24,6:19,9.51,274.0,7,,"","",2017-03-16-182932.gpx
5867aed1-d362-4195-90f3-e486f1a17daf,2017-03-13 18:36:33,Running,,1.55,8:59,5:48,10.34,130.0,41,,"","",2017-03-13-183633.gpx
37cc4b0c-ff28-447c-973c-c6f65a0a2404,2017-02-26 15:16:56,Running,,3.03,20:17,6:42,8.95,246.0,79,,"","",2017-02-26-151656.gpx
640c657c-5110-4f33-921e-f6d02919b0ee,2017-01-22 18:23:31,Running,,3.75,24:46,6:36,9.08,307.0,108,,"","",2017-01-22-182331.gpx
90806f40-5db8-4258-8e23-2c7629cd756f,2017-01-09 18:28:29,Running,,3.74,24:51,6:39,9.02,304.0,104,,"","",2017-01-09-182829.gpx
481c8cad-af41-439b-afd9-b6beaf913c38,2017-01-08 17:14:57,Running,,3.71,25:46,6:56,8.65,300.0,104,,"","",2017-01-08-171457.gpx
1ff1e118-06a8-4faa-8c9a-ddfdb7a77dc2,2017-01-03 19:19:57,Running,,3.75,25:41,6:51,8.75,303.0,108,,"","",2017-01-03-191957.gpx
503af912-8689-43f6-9f2e-c431f5d25b46,2016-12-30 17:55:47,Running,,3.72,25:31,6:52,8.74,300.0,104,,"","",2016-12-30-175547.gpx
7fbe65eb-36da-4af5-b898-35f541880b1a,2016-12-29 18:12:35,Walking,,4.18,53:09,12:42,4.72,249.0,119,,"","",2016-12-29-181235.gpx
a71b5789-86c3-43c2-ad27-16ead252f554,2016-10-27 18:01:33,Running,,3.02,17:39,5:51,10.27,227.0,13,,"","",2016-10-27-180133.gpx
532740ba-db2c-4fd8-b3d1-1ae824aa4c74,2016-10-24 18:19:09,Running,,6.47,38:56,6:01,9.98,484.0,19,,"","",2016-10-24-181909.gpx
94547da8-9410-4a31-8add-6a9df5301245,2016-10-20 17:59:55,Running,,6.51,39:23,6:03,9.91,490.0,24,,"","",2016-10-20-175955.gpx
dfb01ecd-c078-490c-a67e-d74a438cd752,2016-10-17 17:15:08,Running,,6.51,38:43,5:57,10.08,492.0,24,,"","",2016-10-17-171508.gpx
776da3ed-8c26-457a-a8d4-1af6c372d3ac,2016-10-15 18:04:37,Running,,6.45,40:04,6:13,9.66,483.0,22,,"","",2016-10-15-180437.gpx
5d63b959-bece-484e-881a-89b2c64c4d91,2016-10-10 16:22:50,Running,,3.04,17:16,5:41,10.57,239.0,40,,"","",2016-10-10-162250.gpx
0267a7c3-38d1-45fc-b485-0bc663b9bd6f,2016-10-06 18:06:19,Running,,2.06,10:19,5:00,11.98,160.0,19,,"","",2016-10-06-180619.gpx
548ffaa3-10cc-4c64-bdf7-ab0ee3641357,2016-10-04 17:15:33,Running,,6.51,38:34,5:55,10.13,491.0,23,,"","",2016-10-04-171533.gpx
f69d3c32-3d03-4c9d-b895-ae12454d9809,2016-10-02 18:06:02,Running,,6.47,40:30,6:15,9.59,486.0,22,,"","",2016-10-02-180602.gpx
d433abdf-f441-4f85-ac2f-5f11598ffafb,2016-09-30 18:59:31,Running,,2.07,10:35,5:06,11.75,162.0,19,,"","",2016-09-30-185931.gpx
122947d1-955b-4e2d-9cda-581c2f1b2c5f,2016-09-27 15:34:02,Running,,2.08,10:12,4:54,12.25,161.0,19,,"","",2016-09-27-153402.gpx
106b94a3-a751-42fa-9fdf-9de8a95afee0,2016-09-25 17:38:23,Running,,6.35,39:53,6:17,9.55,472.0,23,,"","",2016-09-25-173823.gpx
06295ddb-9e27-4adb-b4fe-4506ab1b1873,2016-09-14 17:43:15,Running,,6.30,37:18,5:55,10.13,467.0,17,,"","",2016-09-14-174315.gpx
26cefc13-e337-430c-b0f3-eb66178a8a53,2016-09-12 17:58:44,Running,,6.20,37:16,6:01,9.98,478.0,68,,"","",2016-09-12-175844.gpx
1ba76177-014f-4c53-8df6-d1bf739ee369,2016-09-07 17:00:13,Running,,6.30,38:55,6:11,9.71,469.0,25,,"","",2016-09-07-170013.gpx
5bd9fb76-0bdb-4556-ade7-d8cf92ebb4d7,2016-09-05 19:49:55,Running,,6.29,38:14,6:05,9.87,464.0,19,,"","",2016-09-05-194955.gpx
e2c2fdff-83b8-4d9c-ac97-694b85a8aeed,2016-09-01 16:29:03,Running,,6.26,39:41,6:20,9.47,464.0,19,,"","",2016-09-01-162903.gpx
bf3f4bbd-7f6a-4473-adcd-c00a9ba2de33,2016-08-30 19:32:54,Running,,6.32,39:13,6:13,9.66,469.0,22,,"","",2016-08-30-193254.gpx
9dab1b67-ff2a-4259-b227-e354f67ebc88,2016-08-28 16:35:11,Running,,6.28,38:21,6:06,9.83,484.0,70,,"","",2016-08-28-163511.gpx
ea723e59-116a-4a6b-adc0-3327b645f6fc,2016-08-24 19:22:45,Running,,6.25,38:02,6:05,9.85,463.0,15,,"","",2016-08-24-192245.gpx
d2ce3cc6-a4df-48b8-b776-b6aa7e08e4e9,2016-08-22 17:48:43,Running,,6.25,37:11,5:57,10.08,480.0,73,,"","",2016-08-22-174843.gpx
ff21606a-bb4a-4736-b947-eceead67ec24,2016-08-20 19:27:13,Running,,3.12,18:00,5:47,10.39,238.0,23,,"","",2016-08-20-192713.gpx
46d267bd-4561-4a69-bc85-b2cf37841869,2016-08-19 21:04:58,Running,,6.29,39:51,6:20,9.47,460.0,24,,"","",2016-08-19-210458.gpx
556a6683-a57d-4dd8-be69-4b7254954fa8,2016-08-17 19:02:41,Running,,6.27,37:49,6:02,9.96,467.0,22,,"","",2016-08-17-190241.gpx
338242d3-a6e8-4d3e-8f85-9d95310070c0,2016-08-15 17:58:55,Running,,6.30,40:14,6:23,9.40,466.0,18,,"","",2016-08-15-175855.gpx
b4f87925-ee7b-43d9-bd76-0ec79a1e7418,2016-08-10 14:56:18,Running,,6.25,37:26,5:59,10.02,476.0,73,,"","",2016-08-10-145618.gpx
1dda148a-d0f6-4a24-89e2-e1333c60e1be,2016-08-08 16:34:10,Running,,6.23,38:29,6:10,9.72,458.0,16,,"","",2016-08-08-163410.gpx
c92cab65-e979-4b19-9f85-b6c1b4e52bda,2016-08-03 17:25:20,Running,,6.29,40:22,6:25,9.35,462.0,17,,"","",2016-08-03-172520.gpx
deb24678-7f9f-4a41-b595-ba782e14531b,2016-08-01 18:46:34,Running,,6.29,37:06,5:54,10.17,469.0,23,,"","",2016-08-01-184634.gpx
d8e7e72e-d2f0-47cb-9f4b-8add06b85a4f,2016-07-27 19:26:16,Running,,6.25,38:06,6:06,9.84,463.0,25,,"","",2016-07-27-192616.gpx
f3c1f3c7-e19f-443c-b576-a45a9e6490a2,2016-07-25 13:48:46,Running,,6.16,40:23,6:33,9.15,469.0,73,,"","",2016-07-25-134846.gpx
3f8234f0-ccb3-4969-8da1-8191c5360272,2016-07-20 20:47:50,Running,,6.07,34:03,5:36,10.70,471.0,53,,"","",2016-07-20-204750.gpx
45408fd0-e923-469d-9d0f-0acee1428623,2016-07-18 19:45:50,Running,,6.09,33:38,5:32,10.86,473.0,53,,"","",2016-07-18-194550.gpx
f1ed3cba-e99e-49cc-8d55-963d7c4b0a00,2016-07-15 21:02:25,Running,,6.21,37:55,6:07,9.82,475.0,74,,"","",2016-07-15-210225.gpx
0b0b05fc-9ff4-4408-af39-94551eeb5f6d,2016-07-14 14:17:14,Running,,4.22,30:12,7:09,8.38,294.0,18,,"","",2016-07-14-141714.gpx
2fee8ef9-8492-4cef-b0e0-53b94d662f87,2016-07-12 18:42:04,Running,,6.17,40:19,6:32,9.18,461.0,65,,"","",2016-07-12-184204.gpx
ae420b76-ea9e-4372-9f2c-b4b50af276d7,2016-07-05 16:40:21,Running,,6.25,43:13,6:55,8.67,450.0,16,,"","",2016-07-05-164021.gpx
ca891c16-34bf-45e3-8ae7-ef2a7634690c,2016-07-03 16:31:59,Running,,6.27,39:15,6:16,9.58,462.0,18,,"","",2016-07-03-163159.gpx
4a6a2d74-de96-48c2-855d-530251b8c674,2016-07-01 16:50:45,Running,,6.38,39:25,6:11,9.71,479.0,22,,"","",2016-07-01-165045.gpx
710a3b94-8fba-47ba-93e1-9fc148393e21,2016-06-29 13:50:20,Running,,6.05,38:41,6:24,9.38,446.0,22,,"","",2016-06-29-135020.gpx
f271a97f-fea8-4f54-b116-0e237d90c96f,2016-06-27 17:20:49,Running,,6.23,39:25,6:20,9.48,472.0,69,,"","",2016-06-27-172049.gpx
cf22e986-f1b5-492b-94b4-8b1e7ab4d264,2016-06-24 19:28:04,Running,,4.37,28:00,6:25,9.36,319.0,21,,"","",2016-06-24-192804.gpx
9af7858a-eef8-440b-b78a-815454c55c8c,2016-06-22 20:02:05,Running,,6.17,39:48,6:27,9.29,443.0,16,,"","",2016-06-22-200205.gpx
31e9ac05-2481-4179-a28f-654401284232,2016-06-19 17:08:05,Running,,6.19,40:40,6:34,9.14,469.0,67,,"","",2016-06-19-170805.gpx
53788633-7f0b-4601-94e9-4bdd720fd87c,2016-06-15 14:01:56,Running,,6.51,42:57,6:36,9.10,483.0,25,,"","",2016-06-15-140156.gpx
da69864b-3fbe-4e85-a4b5-58c1985e6cd9,2016-06-13 13:44:14,Running,,6.25,42:32,6:48,8.82,448.0,18,,"","",2016-06-13-134414.gpx
55076775-8488-4a2a-bc29-2f5105b887b9,2016-06-11 17:53:35,Running,,4.68,29:49,6:23,9.41,348.0,18,,"","",2016-06-11-175335.gpx
86af4f34-db31-45f4-b95a-3f2c7d49f03a,2016-05-05 21:46:05,Running,,3.80,20:06,5:18,11.33,291.0,23,,"","",2016-05-05-214605.gpx
63174c36-7560-426a-bf2e-093f83c7645b,2016-05-03 18:08:56,Running,,3.80,20:18,5:21,11.23,292.0,23,,"","",2016-05-03-180856.gpx
32f306de-6a7d-48b7-9c3c-59dfd8357edf,2016-04-27 21:28:02,Running,,2.76,14:40,5:19,11.29,214.0,24,,"","",2016-04-27-212802.gpx
ce8a0664-00b2-4052-aa1a-63aa5e5a39b5,2016-04-20 20:25:01,Running,,2.75,14:04,5:07,11.71,213.0,23,,"","",2016-04-20-202501.gpx
5b4f1a7d-b1ee-4c25-930f-cfd6803e5a19,2016-04-18 20:01:17,Running,,2.75,14:23,5:14,11.47,213.0,23,,"","",2016-04-18-200117.gpx
5b9fc5bb-2189-46ed-95a3-65c7c3264cff,2016-04-15 20:48:39,Running,,2.75,14:08,5:09,11.67,213.0,23,,"","",2016-04-15-204839.gpx
806de836-19f9-45e0-8cfb-fa58323203f1,2016-04-13 20:36:32,Running,,2.79,14:26,5:11,11.58,216.0,23,,"","",2016-04-13-203632.gpx
16ea02ab-4a4e-477b-9233-220d31ac36bf,2016-04-04 20:09:48,Running,,6.94,43:00,6:12,9.69,547.0,75,,"","",2016-04-04-200948.gpx
6ff25336-e920-44fa-93df-c5033eb8b614,2016-04-02 20:43:11,Running,,2.76,16:01,5:49,10.32,214.0,23,,"","",2016-04-02-204311.gpx
a52eb3fb-5544-4a9f-b828-2bb50499644e,2016-03-29 20:16:56,Running,,5.14,32:27,6:19,9.51,397.0,38,,"","",2016-03-29-201656.gpx
3a1a1337-5644-4826-a1ee-1b9591a7f184,2016-03-07 19:35:31,Running,,2.80,16:31,5:55,10.15,217.0,23,,"","",2016-03-07-193531.gpx
a2ee53a2-0be7-4362-ab7e-e5fd615fd59b,2016-03-01 18:41:59,Running,,2.80,16:38,5:57,10.09,280.0,200,,"","",2016-03-01-184159.gpx
c66d864f-b46e-411a-a3a9-aa65ba00b04c,2016-01-25 18:20:11,Running,,2.78,15:53,5:43,10.49,216.0,23,,"","",2016-01-25-182011.gpx
6cba4662-c32f-4fd2-b64c-b7dbdd63fa5a,2016-01-17 15:49:31,Running,,2.74,16:21,5:59,10.04,208.0,19,,"","",2016-01-17-154931.gpx
7c93fdd2-560c-43ec-90a1-5ce077b965e1,2016-01-12 19:32:09,Running,,2.81,17:10,6:07,9.82,217.0,24,,"","",2016-01-12-193209.gpx
0a1e53dc-cde0-4937-a8e6-e7522ebad34c,2015-09-17 19:39:05,Running,,2.77,14:28,5:14,11.48,215.0,23,,"","",2015-09-17-193905.gpx
8773446b-32e8-44f2-b335-6fe3f3841786,2015-09-12 16:41:55,Running,,10.00,58:55,5:54,10.18,778.0,90,,"","",2015-09-12-164155.gpx
df38f7b8-321a-4caa-b75a-82b81e93a996,2015-09-09 19:30:49,Running,,2.78,14:09,5:05,11.80,216.0,23,,"","",2015-09-09-193049.gpx
e055720c-af73-4242-9f39-f47070e77f75,2015-09-07 20:08:24,Running,,2.78,14:36,5:15,11.44,216.0,24,,"","",2015-09-07-200824.gpx
350f6de5-1178-4254-a544-bfea4a3b75c7,2015-08-26 19:43:16,Running,,2.79,14:14,5:06,11.78,217.0,23,,"","",2015-08-26-194316.gpx
12146161-d443-4639-b80d-f98b2449a9ab,2015-08-18 20:50:39,Running,,2.79,14:47,5:17,11.34,217.0,23,,"","",2015-08-18-205039.gpx
91e6684d-9ebb-46bb-b48e-70888916452f,2015-08-16 15:22:46,Walking,,9.54,2:31:37,15:53,3.78,615.0,351,,"","",2015-08-16-152246.gpx
9c421547-09ce-40ea-a1a3-0416b0789834,2015-08-16 15:14:27,Running,,0.90,7:54,8:46,6.85,90.0,102,,"","",2015-08-16-151427.gpx
114b837f-9740-49a4-82f4-607177e07205,2015-08-06 19:19:09,Running,,3.83,31:30,8:14,7.29,380.0,379,,"","",2015-08-06-191909.gpx
b8a9729a-6b75-4785-bb4d-e903ca84daea,2015-08-05 20:23:55,Running,,2.81,14:13,5:04,11.84,216.0,24,,"","",2015-08-05-202355.gpx
fa5441c7-473d-43fd-ad4f-6b25f810cc24,2015-08-04 14:58:27,Walking,,6.81,1:57:58,17:19,3.47,567.0,563,,"","",2015-08-04-145827.gpx
ba395d0f-1134-49fb-a0e5-9e1ea2108ed5,2015-08-02 19:24:26,Running,,2.79,14:42,5:16,11.38,216.0,24,,"","",2015-08-02-192426.gpx
66641812-6247-4165-9181-1fd11cb5585e,2015-07-28 18:57:59,Running,,3.84,33:20,8:41,6.91,374.0,396,,"","",2015-07-28-185759.gpx
9fec5e51-d698-47e2-affa-b9b4233b7da2,2015-07-07 17:44:27,Running,,7.93,1:14:31,9:24,6.39,543.0,84,,"","",2015-07-07-174427.gpx
265f8cc4-d913-4e0c-9e0c-d7c28987ca01,2015-07-07 17:06:46,Running,,3.85,31:46,8:16,7.26,391.0,397,,"","",2015-07-07-170646.gpx
4ac649a2-17d6-491b-a782-070fe3c5b032,2015-07-06 18:58:19,Running,,7.91,1:08:14,8:38,6.96,557.0,87,,"","",2015-07-06-185819.gpx
52cfd35f-0995-4058-a22d-8f5fec7eb86f,2015-07-06 18:15:24,Running,,3.96,35:33,8:59,6.68,390.0,400,,"","",2015-07-06-181524.gpx
bd935783-538c-4b6e-a812-7c2bcc2009a1,2015-07-05 13:59:24,Walking,,10.90,2:44:45,15:07,3.97,703.0,339,,"","",2015-07-05-135924.gpx
df833542-f6e8-4eff-88cf-2a7afd48f31e,2015-06-30 16:47:17,Running,,10.00,57:05,5:42,10.51,782.0,99,,"","",2015-06-30-164717.gpx
f93593e5-803e-4c42-a156-b094917a0067,2015-06-29 17:21:54,Running,,4.19,21:01,5:01,11.96,331.0,59,,"","",2015-06-29-172154.gpx
31079a31-856a-4ae9-8d3e-fced51cadf28,2015-06-27 13:12:25,Walking,,15.29,2:59:35,11:45,5.11,857.0,173,,"","",2015-06-27-131225.gpx
251c4b1a-59c5-49ca-bf15-55249e0fbec6,2015-06-25 19:41:27,Running,,4.60,27:42,6:02,9.96,327.0,40,,"","",2015-06-25-194127.gpx
522e893b-a8fa-46d7-821b-7852d5bc1415,2015-06-22 16:24:10,Running,,10.00,57:15,5:44,10.48,779.0,100,,"","",2015-06-22-162410.gpx
92095560-bf69-401f-8e19-c7d0860f032e,2015-06-21 21:18:11,Running,,2.78,13:47,4:57,12.12,216.0,23,,"","",2015-06-21-211811.gpx
e79691b5-5adb-4d26-886b-8401f8fb4a14,2015-06-21 12:29:00,Walking,,14.54,3:10:58,13:08,4.57,923.0,512,,"","",2015-06-21-122900.gpx
707a7218-381b-4ad1-b335-5830348a6992,2015-06-19 16:54:40,Walking,,14.90,2:47:33,11:15,5.34,885.0,296,,"","",2015-06-19-165440.gpx
f55ccd4d-010b-400d-8235-52d9f3d14a9f,2015-06-18 20:35:06,Walking,,9.40,1:54:27,12:11,4.93,545.0,213,,"","",2015-06-18-203506.gpx
b46263d1-ab40-49b2-a90c-e9b9c3eddea2,2015-06-16 20:36:55,Running,,2.78,13:55,5:01,11.98,216.0,24,,"","",2015-06-16-203655.gpx
93b4f850-79a8-48a8-ae81-b7dd26f3176f,2015-06-15 09:49:21,Walking,,5.30,1:04:55,12:15,4.90,305.0,78,,"","",2015-06-15-094921.gpx
57b8161c-767e-4ca0-af21-f3262e141e57,2015-06-14 18:41:26,Running,,5.97,33:47,5:39,10.61,482.0,110,,"","",2015-06-14-184126.gpx
17839825-50d2-4cad-82ba-b81b13a509d8,2015-06-10 18:35:43,Running,,2.79,14:12,5:05,11.79,217.0,23,,"","",2015-06-10-183543.gpx
b423f1ed-d24d-43ad-b55b-33beb990af86,2015-06-02 18:11:28,Running,,10.01,56:59,5:42,10.54,778.0,92,,"","",2015-06-02-181128.gpx
4806a777-6b86-4c85-b8b8-a6fb2a2b17a1,2015-05-31 15:53:17,Walking,,14.91,2:55:17,11:45,5.10,859.0,294,,"","",2015-05-31-155317.gpx
8bd70ad8-077b-4859-92ac-fdd5b24dd557,2015-05-28 20:50:59,Running,,2.96,19:06,6:27,9.31,233.0,43,,"","",2015-05-28-205059.gpx
abf1b27f-6213-4e29-b382-5cbdd2982cc8,2015-05-28 20:42:59,Running,,1.59,6:57,4:22,13.76,126.0,25,,"","",2015-05-28-204259.gpx
30894082-3d1f-4ec5-bb38-016a4ae243a9,2015-05-27 19:13:12,Running,,2.73,17:44,6:30,9.23,213.0,44,,"","",2015-05-27-191312.gpx
06e06e16-eb63-4747-b5ad-ee3e0f226496,2015-05-27 19:02:32,Running,,1.55,6:57,4:28,13.42,123.0,26,,"","",2015-05-27-190232.gpx
ba16a0d7-c750-4e0b-bc7a-c0b24ff5a8cd,2015-05-25 19:15:50,Running,,2.80,13:40,4:53,12.29,218.0,23,,"","",2015-05-25-191550.gpx
bbca7348-f022-42a4-a49a-89732efcd397,2015-05-21 18:54:01,Running,,2.78,13:27,4:50,12.40,215.0,23,,"","",2015-05-21-185401.gpx
b4afabac-38ca-43b9-a6c2-4aef5c573b49,2015-05-19 17:42:54,Running,,2.79,14:06,5:04,11.86,216.0,23,,"","",2015-05-19-174254.gpx
3e4ff3a1-d1de-4f35-bd7d-71cbf8a3141b,2015-05-16 14:56:50,Walking,,10.15,1:56:48,11:30,5.21,610.0,279,,"","",2015-05-16-145650.gpx
1bcc2a10-d60d-46bd-8d19-6f4687c89ac7,2015-05-12 19:26:07,Running,,2.77,13:44,4:58,12.08,215.0,23,,"","",2015-05-12-192607.gpx
356be9e4-57ac-4fe3-8512-14e84ff74a4f,2015-05-07 19:34:58,Running,,1.24,6:46,5:27,10.99,92.0,1,,"","",2015-05-07-193458.gpx
ddb69c33-32bd-4c0e-be0d-1659523ed346,2015-05-07 19:27:17,Running,,1.26,6:20,5:01,11.96,109.0,41,,"","",2015-05-07-192717.gpx
791a11fb-4de6-4e4e-8b8a-0a032b7875f5,2015-05-04 18:56:29,Running,,1.26,6:42,5:20,11.25,93.0,1,,"","",2015-05-04-185629.gpx
b281c080-865c-4b79-a081-5e8f93fe9a89,2015-05-04 18:48:13,Running,,1.24,6:49,5:30,10.92,107.0,39,,"","",2015-05-04-184813.gpx
c9b029c8-a831-4bd7-9b53-81382d392cc1,2015-05-02 21:40:36,Running,,1.25,6:48,5:26,11.03,92.0,2,,"","",2015-05-02-214036.gpx
6598c333-478a-4abc-8c42-39ebbc8d6ae3,2015-05-02 21:32:25,Running,,1.24,6:49,5:29,10.95,107.0,39,,"","",2015-05-02-213225.gpx
ce2d27a2-5189-45c4-9d1c-dbe14ffebab5,2015-04-29 19:35:46,Running,,1.24,7:02,5:39,10.62,92.0,1,,"","",2015-04-29-193546.gpx
3b13c0c3-785a-41e4-8354-8e23dadc5d4a,2015-04-29 19:27:37,Running,,1.25,6:40,5:20,11.26,107.0,39,,"","",2015-04-29-192737.gpx
7db9dd7d-a4e5-4cca-823b-9b6560396705,2015-04-27 19:02:35,Running,,1.26,6:45,5:22,11.17,94.0,1,,"","",2015-04-27-190235.gpx
870346cb-03b8-407b-b2e4-74238e7f7482,2015-04-27 18:53:52,Running,,1.26,6:49,5:25,11.08,108.0,40,,"","",2015-04-27-185352.gpx
bf89e133-c6ef-4c35-90b7-d50826bf7ad8,2015-04-22 20:33:45,Running,,1.20,6:23,5:19,11.27,99.0,37,,"","",2015-04-22-203345.gpx
02410c93-fce4-4311-b446-7310008ed082,2015-04-20 18:24:47,Running,,3.67,20:50,5:41,10.56,284.0,33,,"","",2015-04-20-182447.gpx
8f98b0bd-58f8-428c-8c55-2bd1d6ea88da,2015-04-16 18:10:21,Running,,1.40,7:52,5:37,10.70,106.0,6,,"","",2015-04-16-181021.gpx
43c1f8ad-8c18-49d3-b2eb-018505ee3809,2015-04-16 18:01:58,Running,,1.39,7:24,5:19,11.29,110.0,17,,"","",2015-04-16-180158.gpx
595bb347-3a81-4650-ad69-c82932fb668c,2015-04-13 18:54:27,Running,,1.38,8:28,6:08,9.78,103.0,6,,"","",2015-04-13-185427.gpx
e9f8d5e5-f090-4b3e-896c-a0e8c4158588,2015-04-13 18:46:07,Running,,1.42,7:12,5:03,11.86,111.0,17,,"","",2015-04-13-184607.gpx
178a0cf8-1e0b-4980-815f-3e66a08cd1fa,2015-03-25 20:15:43,Running,,2.84,15:12,5:21,11.23,218.0,24,,"","",2015-03-25-201543.gpx
6ec5fcfd-aa3c-4a58-8b66-56d0f91a4559,2015-03-23 19:36:36,Running,,2.80,15:29,5:31,10.86,217.0,24,,"","",2015-03-23-193636.gpx
a37b76f5-6593-4d97-b5c2-4246c2e7fb04,2015-03-18 19:24:43,Running,,2.79,15:25,5:32,10.86,217.0,23,,"","",2015-03-18-192443.gpx
f2b7e0b1-608e-456c-85d3-bceb53c8e6ba,2015-03-16 19:39:29,Running,,2.99,16:04,5:22,11.17,223.0,23,,"","",2015-03-16-193929.gpx
7cc1a7ef-31f2-40bb-aa3a-c104d74134b3,2015-02-23 19:16:10,Running,,2.79,17:18,6:13,9.66,216.0,24,,"","",2015-02-23-191610.gpx
4a6d5db7-c6da-41cc-a570-cb1546ff69c0,2015-02-16 19:07:02,Running,,2.51,15:10,6:03,9.93,188.0,6,,"","",2015-02-16-190702.gpx
7cde026f-ac02-49bf-b490-6083fc0a80f4,2015-01-26 21:09:51,Running,,2.79,20:10,7:14,8.29,0.0,179,,"","",2015-01-26-210951.gpx
632bc7b3-b419-453d-8b81-7ae93f8c63b4,2014-12-08 20:12:21,Running,,2.35,16:27,7:00,8.56,178.53287245793,26,,"","",2014-12-08-201221.gpx
81ca8b1e-f183-4a62-ba65-599cc89fe39a,2014-09-14 12:17:57,Walking,,13.50,3:11:44,14:12,4.22,852.0,456,,"","",2014-09-14-121757.gpx
4987557b-1ae9-4828-8bac-8366e7205899,2014-09-07 11:55:14,Walking,,14.55,3:02:55,12:34,4.77,809.0,148,,"","",2014-09-07-115514.gpx
40328f2e-06d6-4f59-bea7-0ea5f58868e4,2014-08-31 12:11:23,Walking,,1.43,16:39,11:39,5.15,84.0,41,,"","",2014-08-31-121123.gpx
819486c2-9251-4da4-a170-556770c5aa44,2014-08-28 18:06:51,Walking,,15.74,3:26:41,13:08,4.57,985.0,587,,"","",2014-08-28-180651.gpx
6df8d0d1-6a8a-4a55-9ad0-0a473faf5119,2014-08-26 12:52:44,Walking,,2.83,32:38,11:32,5.20,153.0,40,,"","",2014-08-26-125244.gpx
7580dd9f-4bc8-4b91-aaac-8d2251bbbae0,2014-08-25 12:15:23,Walking,,1.19,14:29,12:08,4.94,73.0,43,,"","",2014-08-25-121523.gpx
72c19967-f3e0-4ea1-b926-8d70d03b531a,2014-08-24 13:25:27,Walking,,7.20,1:31:12,12:40,4.74,412.0,171,,"","",2014-08-24-132527.gpx
b4fba66b-2914-4727-959f-aaca32d326b7,2014-06-24 22:50:42,Running,,2.89,15:09,5:15,11.43,217.0,5,,"","",2014-06-24-225042.gpx
41ef9e4f-f455-495f-a876-529e389d4fc0,2014-06-17 19:14:05,Running,,5.44,34:36,6:22,9.43,409.0,18,,"","",2014-06-17-191405.gpx
509416dc-7c41-4ee7-9762-00fc0e713bd2,2014-06-11 19:46:59,Running,,5.49,35:51,6:32,9.19,404.0,18,,"","",2014-06-11-194659.gpx
ed40f740-a84d-4d49-bfa2-c9fb9f585e4d,2014-06-08 21:08:46,Running,,5.65,35:51,6:21,9.45,415.0,18,,"","",2014-06-08-210846.gpx
d7b42676-14d9-40b6-996f-ae7a79875937,2014-06-03 18:52:55,Running,,5.43,39:05,7:12,8.34,400.0,18,,"","",2014-06-03-185255.gpx
e34f2247-a503-4dc7-9892-8976f8a6ec90,2014-06-02 17:57:08,Running,,5.43,38:12,7:02,8.53,402.0,18,,"","",2014-06-02-175708.gpx
092ae8ad-a0ee-4589-a4bd-2fee371bbb66,2014-05-30 17:16:01,Running,,2.16,14:32,6:44,8.90,171.0,27,,"","",2014-05-30-171601.gpx
5ebf8d8d-9e1c-4c87-a5d3-516444b3c61d,2014-04-29 19:25:54,Running,,5.46,39:55,7:19,8.20,396.0,18,,"","",2014-04-29-192554.gpx
38094c1e-48d8-4df6-85f7-a4e9514f982e,2014-04-23 15:47:58,Running,,5.43,41:26,7:38,7.86,384.0,18,,"","",2014-04-23-154758.gpx
21357f18-03f8-4e6d-b826-94db1c47e9d5,2013-09-23 15:35:30,Running,,5.43,35:00,6:27,9.30,414.0,18,,"","",2013-09-23-153530.gpx
4447320e-494f-44d2-90e7-5e0413d1c412,2013-09-19 15:16:43,Running,,5.42,37:15,6:53,8.72,401.0,18,,"","",2013-09-19-151643.gpx
293011dd-4ff2-4166-bd44-e5ce744ad73b,2013-09-12 20:12:05,Running,,5.48,35:07,6:25,9.36,411.0,18,,"","",2013-09-12-201205.gpx
5fc178ea-d74a-4c4b-aef6-0df04e95a91f,2013-09-10 14:10:07,Running,,5.42,36:01,6:38,9.03,528.0,374,,"","",2013-09-10-141007.gpx
77e07460-c247-4a73-8825-cc1547174cc5,2013-09-08 19:58:14,Running,,4.09,26:14,6:25,9.36,322.0,68,,"","",2013-09-08-195814.gpx
323b1f5e-ce00-4db1-84b2-3ee17fe9c664,2013-09-07 15:39:50,Walking,,4.05,52:35,12:59,4.62,244.0,68,,"","",2013-09-07-153950.gpx
b848544a-5dec-4da5-88f6-e983380c4498,2013-09-06 15:03:42,Running,,5.42,35:24,6:32,9.19,403.0,18,,"","",2013-09-06-150342.gpx
54a640e3-15ce-46e7-83af-8973d92819c1,2013-09-04 20:36:31,Running,,5.39,34:43,6:26,9.32,410.0,18,,"","",2013-09-04-203631.gpx
38dc40c5-0e7f-4266-8eb1-85032a6a53ce,2013-08-31 18:46:49,Running,,5.39,35:32,6:35,9.11,404.0,18,,"","",2013-08-31-184649.gpx
8a222d81-33a5-4ad2-97a0-2f5dc498dc05,2013-08-28 19:55:01,Running,,5.49,35:26,6:28,9.29,411.0,18,,"","",2013-08-28-195501.gpx
e775c5cb-d754-4ecf-876c-1768a6f0f306,2013-08-27 17:37:05,Running,,5.39,36:38,6:48,8.82,391.0,18,,"","",2013-08-27-173705.gpx
48398cad-1e48-4611-a8f5-f65bd5b8bb5c,2013-08-24 19:16:06,Running,,4.39,30:20,6:55,8.68,320.0,13,,"","",2013-08-24-191606.gpx
45658f88-8c3a-4a6b-a3eb-56ec9abbe2cd,2013-08-19 19:15:58,Running,,2.17,12:41,5:51,10.27,171.0,27,,"","",2013-08-19-191558.gpx
f1e09ebe-6909-4bab-b3de-c0aa450d8c32,2013-08-14 17:29:41,Running,,2.22,13:38,6:08,9.77,175.0,27,,"","",2013-08-14-172941.gpx
2b5b1fea-ae5e-4ce6-8bdd-4c39fa48578f,2013-08-11 17:57:39,Running,,2.19,13:50,6:20,9.48,173.0,27,,"","",2013-08-11-175739.gpx
